Real Authors ROUGE,Real Authors Probability,Real Authors Truth Ratio,Real Authors Token Entropy,Real Authors Cosine Similarity,Real Authors Entailment Score,Real World ROUGE,Real World Probability,Real World Truth Ratio,Real World Token Entropy,Real World Cosine Similarity,Real World Entailment Score,Retain ROUGE,Retain Probability,Retain Truth Ratio,Retain Token Entropy,Retain Cosine Similarity,Retain Entailment Score,Forget ROUGE,Forget Probability,Forget Truth Ratio,Forget Token Entropy,Forget Cosine Similarity,Forget Entailment Score,Model Utility Retain,Model Utility,Forget Efficacy,Model Utility Retain_base,Model Utility_base,Forget Efficacy_base,split,forget_loss,forget_coeff,regularization_coeff,learning_rate,epochs,fix_ref_model,mask,unlearn_step,task_id,unlearn_times
0.914,0.5075552943433338,0.6403634557661816,0.9857372892806918,0.9563170856237412,0.81,0.8575498575498577,0.4702383575473843,0.5805608824652343,0.9606245351241891,0.9429596407800658,0.6837606837606838,0.8388955029109457,0.8430326760283473,0.4266069008818527,0.9702650079385327,0.915935328056415,0.7066666666666667,0.2011695342196434,0.07860809009818386,0.33042054719884273,0.8009707934783415,0.39383277386426924,0.035,0.7264066471719607,0.7269898088581936,0.7921938109238121,0.6352815591953819,0.626591908775345,0.7966006094944433,forget05,MK,1.0,1.0,1e-05,3,False,True,last,1,1
0.914,0.5075552943433338,0.6403634557661816,0.9857372892806918,0.9563170856237412,0.81,0.8575498575498577,0.4702383575473843,0.5805608824652343,0.9606245351241891,0.9429596407800658,0.6837606837606838,0.8388955029109457,0.8430326760283473,0.4266069008818527,0.9702650079385327,0.915935328056415,0.7066666666666667,0.2011695342196434,0.07860809009818386,0.33042054719884273,0.8009707934783415,0.39383277386426924,0.035,0.7264066471719607,0.7269898088581936,0.7921938109238121,0.6352815591953819,0.626591908775345,0.7966006094944433,forget05,MK,1.0,1.0,1e-05,3,False,True,last,1,1
